id,title,year,director,category,imdbRating,runtime,posterUrl
1,Hundreds of Beavers,2022,Mike Cheslik,Film,7.4,108 min,
2,The Red Shoes,1948,Michael Powell & Emeric Pressburger,Film,8.1,133 min,
3,Mulholland Drive,2001,David Lynch,Film,7.9,147 min,
4,The Secret in Their Eyes,2009,Juan José Campanella,Film,8.2,129 min,
5,The Hunt,2012,Thomas Vinterberg,Film,8.3,115 min,
6,The Lives of Others,2006,Florian Henckel von Donnersmarck,Film,8.4,137 min,
7,Pan's Labyrinth,2006,Guillermo del Toro,Film,8.2,118 min,
8,Barry Lyndon,1975,Stanley Kubrick,Film,8.1,185 min,
9,The Eccentric Family,2013,Masayuki Yoshihara,Anime,7.6,24 min,
10,Ready Player One,2018,Steven Spielberg,Film,7.4,140 min,
11,I Am Sam,2001,Jessie Nelson,Film,7.6,132 min,
12,Casino,1995,Martin Scorsese,Film,8.2,178 min,
13,National Lampoon's Vacation,1983,Harold Ramis,Film,7.3,98 min,
14,National Lampoon's Christmas Vacation,1989,Jeremiah S. Chechik,Film,7.5,97 min,
15,The Internship,2013,Shawn Levy,Film,6.3,119 min,
16,Super 8,2011,J.J. Abrams,Film,7,112 min,
17,Friends,1994,David Crane & Marta Kauffman,Series,8.9,22 min,
18,Signal,2016,Kim Won-seok,Series,8.5,75 min,
19,Beyond Evil,2021,Sim Na-yeon,Series,8.1,60 min,
20,Flower of Evil,2020,Kim Cheol-kyu,Series,8.6,70 min,
21,Through the Darkness,2022,Park Bo-ram,Series,8,60 min,
22,When the Weather Is Fine,2020,Han Ji-seung,Series,7.8,60 min,
23,Sri Ramadasu,2006,K. Raghavendra Rao,Film,7.9,148 min,
24,Detroiters,2017,Zach Kanin,Series,8.1,22 min,
25,Nuremberg,2025,James Vanderbilt,Film,,148 min,
26,Kirik Party,2016,Rishab Shetty,Film,8.3,165 min,
27,Nayakan,1987,Mani Ratnam,Film,8.6,145 min,
28,God's Crooked Lines,2022,Oriol Paulo,Film,7.1,154 min,
29,Papillon,2017,Michael Noer,Film,7.2,133 min,
30,Project Gutenberg,2018,Felix Chong,Film,6.8,130 min,
31,Beyond the Infinite Two Minutes,2020,Junta Yamaguchi,Film,7,70 min,
32,Duel,1971,Steven Spielberg,Film,7.6,90 min,
33,Hukkle,2002,György Pálfi,Film,7.1,75 min,
34,Shiva,2006,Ram Gopal Varma,Film,3.3,119 min,
35,Fargo,2014,Noah Hawley,Series,8.9,53 min,
36,Pluribus,,,Film,,,
37,Chicken Run,2000,Peter Lord,Film,7.1,84 min,
38,Anandabhadram,2005,Santosh Sivan,Film,7.3,156 min,
39,Iyobinte Pusthakam,2014,Amal Neerad,Film,7.8,157 min,
40,Kung Fu Hustle,2004,Stephen Chow,Film,7.7,99 min,
41,Wood Job!,2014,Shinobu Yaguchi,Film,7.6,116 min,
42,Peppermint Candy,1999,Lee Chang-dong,Film,7.6,130 min,
43,Ode to My Father,2014,JK Youn,Film,7.8,126 min,
44,Audition,1999,Takashi Miike,Film,7.1,115 min,
45,Partners for Justice,2018,,Series,8.2,35 min,
46,Jacob's Ladder,1990,Adrian Lyne,Film,7.4,113 min,
47,The Medium,2021,Banjong Pisanthanakun,Film,6.5,130 min,
48,Impetigore,2019,Joko Anwar,Film,6.6,106 min,
49,Sivaji: The Boss,2007,S. Shankar,Film,7.5,188 min,
50,The Haunting of Hill House,2018,Mike Flanagan,Series,8.6,572 min,
51,Waqt: The Race Against Time,2005,Vipul Amrutlal Shah,Film,6.8,153 min,
52,Mohra,1994,Rajiv Rai,Film,6.9,177 min,
53,Kaun?,1999,Ram Gopal Varma,Film,7.7,90 min,
54,Inside Job,2010,Charles Ferguson,Series,8.2,105 min,
55,Makdee,2002,Vishal Bhardwaj,Film,7.4,90 min,
56,Hard Boiled,1992,John Woo,Film,7.7,128 min,
57,Gupt: The Hidden Truth,1997,Rajiv Rai,Film,7.3,173 min,
58,Typhoon Family,,,Film,,,
59,Psycho Raman,2016,Anurag Kashyap,Film,7.3,127 min,
60,The Belier Family,2014,Éric Lartigau,Film,7.3,106 min,
61,The Studio,,,Film,,,
62,Billy Madison,1995,Tamra Davis,Film,6.3,89 min,
63,Noroi: The Curse,2005,Kōji Shiraishi,Film,6.9,115 min,
64,Burning,2018,Lee Chang-dong,Film,7.5,148 min,
65,Decision to Leave,2022,Park Chan-wook,Film,7.3,138 min,
66,Lock Stock and Two Smoking Barrels,1998,Guy Ritchie,Film,8.1,107 min,
67,The Visit,2015,M. Night Shyamalan,Film,6.3,94 min,
68,The Mist,2007,Frank Darabont,Film,7.1,126 min,
69,Article 15,2019,Anubhav Sinha,Film,8,130 min,
70,John Adams,2008,Tom Hooper,Series,8.5,501 min,
71,Europa Europa,1990,Agnieszka Holland,Film,7.6,112 min,
72,L.A. Confidential,1997,Curtis Hanson,Film,8.2,138 min,
73,Conspiracy,2001,Frank Pierson,Film,7.6,96 min,
74,All the President's Men,1976,Alan J. Pakula,Film,7.9,138 min,
75,Le Samourai,1967,Jean-Pierre Melville,Film,8,105 min,
76,The Red Circle,1970,Jean-Pierre Melville,Film,7.9,140 min,
77,Army of Shadows,1969,Jean-Pierre Melville,Film,8.1,145 min,
78,Jaanwar,1999,Suneel Darshan,Film,5.9,152 min,
79,Arinthum Ariyamalum,2005,Vishnuvardhan,Film,6.6,146 min,
80,Infernal Affairs,2002,Andrew Lau,Film,8,101 min,
81,Apocalypto,2006,Mel Gibson,Film,7.8,139 min,
82,Hrudayantar,2017,Vikram Phadnis,Film,6.2,125 min,
83,Ek Hasina Thi,2004,Sriram Raghavan,Film,7.5,138 min,
84,The Sunset Limited,2011,Tommy Lee Jones,Film,7.4,91 min,
85,Circle,2015,Aaron Hann,Film,6,87 min,
86,The Booth at the End,2010,,Series,8.2,23 min,
87,Fracture,2007,Gregory Hoblit,Film,7.2,113 min,
88,Pariyerum Perumal,2018,Mari Selvaraj,Film,8.7,154 min,
89,Mayabazar,1957,K.V. Reddy,Film,9.1,192 min,
90,Tigers,2014,Danis Tanovic,Film,7.1,90 min,
91,Maharathi,2008,Shivam Nair,Film,7.1,118 min,
92,Dulhe Raja,1998,Harmesh Malhotra,Film,6.8,145 min,
93,Raja Babu,1994,David Dhawan,Film,6.3,158 min,
94,Interview with the Vampire,1994,Neil Jordan,Film,7.5,123 min,
95,Guide,1965,Vijay Anand,Film,8.4,183 min,
96,Where Hope Grows,2014,Chris Dowling,Film,6.6,95 min,
97,Employee of the Month,2006,Greg Coolidge,Film,5.6,103 min,
98,Lamhe,1991,Yash Chopra,Film,7.3,187 min,
99,No Other Choice,,,Series,,,
100,Natsamrat,2016,Mahesh Manjrekar,Film,8.8,166 min,
101,Reva,2018,Rahul Bhole,Film,8.2,143 min,
102,House,2004,David Shore,Series,8.7,44 min,
103,Dragon,,,Film,,,
104,Visaranai,2015,Vetrimaaran,Film,8.5,106 min,
105,Aarakshan,2011,Prakash Jha,Film,6.2,164 min,
106,The Empty Man,2020,David Prior,Film,6.2,137 min,
107,Diary,,,Film,,,
108,Iravukku Aayiram Kangal,2018,Mu. Maran,Film,7.3,123 min,
109,The Great Passage,2016,,Anime,7.6,23 min,
110,Panchatanthiram,2002,K.S. Ravikumar,Film,8.2,154 min,
111,Signs,2002,M. Night Shyamalan,Film,6.8,106 min,
112,86,2021,,Anime,8.2,23 min,
113,Silver Linings Playbook,2012,David O. Russell,Film,7.7,122 min,
114,The Hudsucker Proxy,1994,Joel Coen,Film,7.2,111 min,
115,Raatchasi,2019,Sy Gowthamraj,Film,7.3,134 min,
116,The Royal Tenenbaums,2001,Wes Anderson,Film,7.6,110 min,
117,The Devil's Advocate,1997,Taylor Hackford,Film,7.5,144 min,
118,Te3n,2016,Ribhu Dasgupta,Film,7.2,136 min,
119,Rahasya,2015,Manish Gupta,Film,7.6,124 min,
120,Jugjugg Jeeyo,2022,Raj Mehta,Film,6.1,150 min,
121,Perfect Sense,2011,David Mackenzie,Film,7,92 min,
122,Primal Fear,1996,Gregory Hoblit,Film,7.7,129 min,
123,Kumari,2022,Nirmal Sahadev,Film,6.4,138 min,
124,Lapachhapi,2016,Vishal Furia,Film,7.2,112 min,
125,Ramayana: The Legend of Prince Rama,1992,Yugo Sako,Anime,9.2,135 min,
126,Kushi,2001,S.J. Suryah,Film,7.9,162 min,
127,Elysium,2013,Neill Blomkamp,Film,6.6,109 min,
128,The Fall,2006,Tarsem Singh,Film,7.8,117 min,
129,Stolen,,,Film,,,
130,Iddarammayilatho,2013,Puri Jagannadh,Film,5.6,138 min,
131,Baby,2015,Neeraj Pandey,Film,7.9,159 min,
132,Barfi!,2012,Anurag Basu,Film,8.1,151 min,
133,Jalsa,2008,Trivikram Srinivas,Film,7.4,166 min,
134,Lost,2004,J.J. Abrams,Series,8.3,44 min,
135,Doctor Zhivago,1965,David Lean,Film,7.9,197 min,
136,Mr. Turner,2014,Mike Leigh,Film,6.8,150 min,
137,Light Shop,,,Series,,,
138,Road to Perdition,2002,Sam Mendes,Film,7.7,117 min,
139,Supernatural,2005,Eric Kripke,Series,8.4,44 min,
140,The Man from Earth,2007,Richard Schenkman,Film,7.9,87 min,
141,Maurice,1987,James Ivory,Film,7.6,140 min,
142,Mouna Ragam,1986,Mani Ratnam,Film,8.6,145 min,
143,Once in a Summer,2006,Joh Keun-shik,Film,7.4,121 min,
144,The Great Escape,1963,John Sturges,Film,8.2,172 min,
145,War of the Buttons,,,Film,,,
146,Miss Hokusai,2015,Keiichi Hara,Anime,6.7,90 min,
147,Chronicle,2012,Josh Trank,Film,7,84 min,
148,Good Morning Vietnam,1987,Barry Levinson,Film,7.3,121 min,
149,Clue,1985,Jonathan Lynn,Film,7.2,94 min,
150,Tom & Jerry: A Nutcracker Tale,2007,Spike Brandt,Film,6.4,49 min,
151,The Night Of,2016,Richard Price,Series,8.4,480 min,
152,If Cats Disappeared from the World,2016,Akira Nagai,Film,7,103 min,
153,The Master,2012,Paul Thomas Anderson,Film,7.1,138 min,
154,Mid90s,2018,Jonah Hill,Film,7.3,85 min,
155,Character,,,Film,,,
156,Ping Pong the Animation,2014,Masaaki Yuasa,Anime,8.6,23 min,
157,The Blues Brothers,1980,John Landis,Film,7.9,133 min,
158,Kaala,2018,Pa. Ranjith,Film,6.6,162 min,
159,Fixed,,,Film,,,
160,Citizenfour,2014,Laura Poitras,Film,8,114 min,
161,Snowden,2016,Oliver Stone,Film,7.3,134 min,
162,Su From So,,,Film,,,
163,The Defiant Ones,2017,,Series,8.5,50 min,
164,Diary of a Wimpy Kid,2010,Thor Freudenthal,Film,6.2,92 min,
165,Baashha,1995,Suresh Krissna,Film,8.3,144 min,
166,The Society,2019,,Series,7.1,50 min,
167,Planet Earth,2006,,Series,9.4,50 min,
168,Sideways,2004,Alexander Payne,Film,7.5,127 min,
169,Presence,2024,Steven Soderbergh,Film,,85 min,
170,Batman: The Animated Series,1992,Bruce Timm,Anime,9,23 min,
171,Justice League Unlimited,2004,,Anime,8.7,23 min,
172,Burn After Reading,2008,Coen Brothers,Film,7,96 min,
173,Nimona,2023,Nick Bruno,Anime,7.6,101 min,
174,Toolsidas Junior,2022,Mridul Mahendra,Film,7.3,132 min,
175,The Island,2005,Michael Bay,Film,6.8,136 min,
176,Moriarty the Patriot,2020,,Anime,8.1,23 min,
177,The Tashkent Files,2019,Vivek Agnihotri,Film,7.8,144 min,
178,Taken,2008,Pierre Morel,Film,7.7,90 min,
179,Clueless,1995,Amy Heckerling,Film,6.9,97 min,
180,1871,,,Film,,,
181,Major,,,Anime,,,
182,The Freshman,1990,Andrew Bergman,Film,6.5,102 min,
183,Happy Gilmore,1996,Dennis Dugan,Film,7,92 min,
184,District 9,2009,Neill Blomkamp,Film,7.9,112 min,
185,Athbhutha Dweepu,2005,Vinayan,Film,6.9,139 min,
186,Bridget Jones's Diary,2001,Sharon Maguire,Film,6.8,97 min,
187,Horrible Bosses,2011,Seth Gordon,Film,6.9,98 min,
188,Pearl Harbor,2001,Michael Bay,Film,6.2,183 min,
189,Rematch,,,Film,,,
190,No Escape,2015,John Erick Dowdle,Film,6.7,103 min,
191,Cape Fear,1991,Martin Scorsese,Film,7.3,128 min,
192,Bird,1988,Clint Eastwood,Film,7.1,161 min,
193,The Killing,1956,Stanley Kubrick,Film,8,85 min,
194,Utopia,2013,,Series,8.4,50 min,
195,The Fall of the House of Usher,2023,Mike Flanagan,Series,8,60 min,
196,Dopesick,2021,Danny Strong,Series,8.6,60 min,
197,Unbelievable,2019,,Series,8.4,45 min,
198,Grand Blue,2018,,Anime,7.8,24 min,
199,Mercy for None,,,Film,,,
200,Mad Unicorn,,,Film,,,
201,Free Willy,1993,Simon Wincer,Film,6,112 min,
202,Ed Wood,1994,Tim Burton,Film,7.8,127 min,
203,Legends of the Fall,1994,Edward Zwick,Film,7.5,133 min,
204,Submarine,2010,Richard Ayoade,Film,7.3,97 min,
205,My Girl,1991,Howard Zieff,Film,6.9,102 min,
206,His and Her Circumstances,1998,,Anime,7.6,24 min,
207,Eddie the Eagle,2015,Dexter Fletcher,Film,7.3,106 min,
208,Frankie and Johnny,1991,Garry Marshall,Film,6.7,118 min,
209,Double Indemnity,1944,Billy Wilder,Film,8.3,107 min,
210,The Cabin in the Woods,2011,Drew Goddard,Film,7,95 min,
211,Our Little Sister,2015,Hirokazu Kore-eda,Film,7.5,127 min,
212,Sharp Objects,2018,Marti Noxon,Series,8.1,421 min,
213,Mare of Easttown,2021,Brad Ingelsby,Series,8.4,417 min,
214,Mayor of Kingstown,2021,Taylor Sheridan,Series,8.2,60 min,
215,12 Monkeys,1995,Terry Gilliam,Film,8,129 min,
216,The Forgotten Battle,2020,Matthijs van Heijningen Jr.,Film,7.1,124 min,
217,The Hunt for Red October,1990,John McTiernan,Film,7.5,135 min,
218,Threads,1984,Mick Jackson,Film,8,112 min,
219,Grosse Pointe Blank,1997,George Armitage,Film,7.3,107 min,
220,The Incredible Shrinking Man,1957,Jack Arnold,Film,7.5,81 min,
221,Notting Hill,1999,Roger Michell,Film,7.2,124 min,
222,Hi Nanna,2023,Shouryuv,Film,8.2,155 min,
223,Tommy Boy,1995,Peter Segal,Film,7,97 min,
224,A Hidden Life,2019,Terrence Malick,Film,7.4,174 min,
225,The Captain,2017,Robert Schwentke,Film,7.4,118 min,
226,Danger 5,2011,,Series,7.6,25 min,
227,Isle of Dogs,2018,Wes Anderson,Film,7.8,101 min,
228,Bad Boy Bubby,1993,Rolf de Heer,Film,7.3,114 min,
229,May 14th,,,Film,,,
230,Predator: Killer of Killers,,,Film,,,
231,Prometheus,2012,Ridley Scott,Film,7,124 min,
232,50 First Dates,2004,Peter Segal,Film,6.8,99 min,
233,Collateral,2004,Michael Mann,Film,7.5,120 min,
234,Contact,1997,Robert Zemeckis,Film,7.5,150 min,
235,Looper,2012,Rian Johnson,Film,7.4,113 min,
236,Gomorrah,2008,Matteo Garrone,Film,7,137 min,
237,Van Helsing,2004,Stephen Sommers,Film,6,131 min,
238,Over the Hedge,2006,Tim Johnson,Film,6.7,83 min,
239,Persian Lessons,2020,Vadim Perelman,Film,7.4,127 min,
240,Cleopatra,1963,Joseph L. Mankiewicz,Film,7,192 min,
241,Portrait of a Lady on Fire,2019,Céline Sciamma,Film,8.1,122 min,
242,The Eternaut,,,Film,,,
243,Anjaana Anjaani,2010,Siddharth Anand,Film,5.8,151 min,
244,The Jokes,,,Film,,,
245,Billions,2016,,Series,8.3,60 min,
246,CatDog,1998,,Series,6.5,23 min,
247,Boyhood,2014,Richard Linklater,Film,7.9,165 min,
248,Columbus,2017,Kogonada,Film,7.2,100 min,
249,The Other Guys,2010,Adam McKay,Film,6.6,107 min,
250,The Devils,1971,Ken Russell,Film,7.7,111 min,
251,Deliverance,1972,John Boorman,Film,7.7,109 min,
252,A River Runs Through It,1992,Robert Redford,Film,7.2,123 min,
253,Big Fish,2003,Tim Burton,Film,8,125 min,
254,Field of Dreams,1989,Phil Alden Robinson,Film,7.5,107 min,
255,Sharaabi,1984,Prakash Mehra,Film,7.4,175 min,
256,The Teachers' Lounge,2023,Ilker Çatak,Film,7.5,98 min,
257,Escape from Sobibor,1987,Jack Gold,Film,7.2,120 min,
258,Cinderella Man,2005,Ron Howard,Film,8,144 min,
259,In America,2002,Jim Sheridan,Film,7.7,105 min,
260,The Girl Next Door,2004,Luke Greenfield,Film,6.7,109 min,
261,A Place Further than the Universe,2018,,Anime,8.3,23 min,
262,Everything Is Illuminated,2005,Liev Schreiber,Film,7.4,106 min,
263,Hitler: A Career,1977,Joachim Fest,Film,7.5,150 min,
264,The Long Way Home,,,Film,,,
265,The Zookeeper's Wife,2017,Niki Caro,Film,7,127 min,
266,Against All Odds: Surviving the Holocaust,,,Film,,,
267,Judgment at Nuremberg,1961,Stanley Kramer,Film,8.3,179 min,
268,One Life,2023,James Hawes,Film,7.5,110 min,
269,The Book Thief,2013,Brian Percival,Film,7.5,131 min,
270,MobLand,2023,Nicholas Maggio,Film,5.5,111 min,
271,Hop,2011,Tim Hill,Film,5.4,95 min,
272,Elfen Lied,2004,,Anime,7.9,25 min,
273,Triumph of the Will,1935,Leni Riefenstahl,Film,7.2,114 min,
274,God on Trial,2008,Andy De Emmony,Film,7.6,86 min,
275,Swimming in Auschwitz,,,Film,,,
276,Paathshaala,2010,Milind Ukey,Film,5.4,115 min,
277,Person of Interest,2011,Jonathan Nolan,Series,8.5,43 min,
278,The Children's Train,,,Film,,,
279,Tezz,2012,Priyadarshan,Film,3.9,122 min,
280,The Count of Monte Cristo,2002,Kevin Reynolds,Film,7.7,131 min,
281,Fountain of Youth,,,Film,,,
282,Samurai Flamenco,2013,,Anime,6.5,23 min,
283,Nichijou,2011,,Anime,8.3,23 min,
284,Penguindrum,2011,,Anime,7.5,24 min,
285,Logan Lucky,2017,Steven Soderbergh,Film,7,118 min,
286,Tales from Earthsea,2006,Gorō Miyazaki,Anime,6.3,115 min,
287,Stalin,1992,Ivan Passer,Film,7,166 min,
288,His Dark Materials,2019,,Series,7.8,60 min,
289,Jerry Maguire,1996,Cameron Crowe,Film,7.3,139 min,
290,Misery,1990,Rob Reiner,Film,7.8,107 min,
291,Wind Breaker,2024,,Anime,7.7,23 min,
292,Dekh Tamasha Dekh,2014,Feroz Abbas Khan,Film,7.5,108 min,
293,Unorthodox,2020,,Series,8,213 min,
294,Battle Royale,2000,Kinji Fukasaku,Film,7.5,114 min,
295,The Vanishing,1988,George Sluizer,Film,7.7,107 min,
296,Miracle in Cell No. 7,2013,Lee Hwan-kyung,Film,8.1,127 min,
297,Minority Report,2002,Steven Spielberg,Film,7.6,145 min,
298,Hey Ram,2000,Kamal Haasan,Film,7.9,186 min,
299,Office Space,1999,Mike Judge,Film,7.6,89 min,
300,The Zone of Interest,2023,Jonathan Glazer,Film,7.4,105 min,
301,The World Will Tremble,,,Film,,,
302,Anthropoid,2016,Sean Ellis,Film,7.2,120 min,
303,City Lights,1931,Charlie Chaplin,Film,8.5,87 min,
304,The Great Dictator,1940,Charlie Chaplin,Film,8.4,125 min,
305,The Bondsman,,,Film,,,
306,Adolescence,,,Film,,,
307,Mouse,2021,,Series,8.7,75 min,
308,A Real Pain,2024,Jesse Eisenberg,Film,7.4,90 min,
309,Madras Cafe,2013,Shoojit Sircar,Film,7.6,130 min,
310,Section 375,2019,Ajay Bahl,Film,8.1,124 min,
311,The Thing,1982,John Carpenter,Film,8.2,109 min,
312,Munich,2005,Steven Spielberg,Film,7.5,164 min,
313,Fury,2014,David Ayer,Film,7.5,134 min,
314,Cosy Dens,1999,Jan Hrebejk,Film,8.2,115 min,
315,The Divorce Insurance,,,Film,,,
316,Barry,2018,Bill Hader,Series,8.4,30 min,
317,ReLIFE,2016,,Anime,7.8,23 min,
318,The Pet Girl of Sakurasou,2012,,Anime,7.7,23 min,
319,WorldEnd: What Do You Do at the End of the World? Are You Busy? Will You Save Us?,2017,,Anime,7.6,23 min,
320,The Great North,2021,,Series,6.7,22 min,
321,Attack: Part 1,2022,Lakshya Raj Anand,Film,6.9,123 min,
322,Hello,2017,Vikram Kumar,Film,7,131 min,
323,Ishq,2019,Anuraj Manohar,Film,7.1,134 min,
324,Door to Door,2002,Steven Schachter,Film,7.8,90 min,
325,Yevade Subramanyam,2015,Nag Ashwin,Film,7.5,145 min,
326,Knowing,2009,Alex Proyas,Film,6.2,121 min,
327,They Live,1988,John Carpenter,Film,7.2,94 min,
328,12 Angry Men,1957,Sidney Lumet,Film,9,96 min,
329,Naseeb,1981,Manmohan Desai,Film,6.8,177 min,
330,Ivan's Childhood,1962,Andrei Tarkovsky,Film,8,95 min,
331,Fractured,2019,Brad Anderson,Film,6.4,100 min,
332,Gremlins,1984,Joe Dante,Film,7.3,106 min,
333,The Killer Next Door,,,Film,,,
334,Zodiac,2007,David Fincher,Film,7.7,157 min,
335,The Wizard of Lies,2017,Barry Levinson,Film,6.8,133 min,
336,Friday,1995,F. Gary Gray,Film,7.2,91 min,
337,Midnight Run,1988,Martin Brest,Film,7.5,126 min,
338,Dog Day Afternoon,1975,Sidney Lumet,Film,8,125 min,
339,Caddo Lake,2024,Celine Held,Film,6.8,99 min,
340,Nacho Libre,2006,Jared Hess,Film,5.9,92 min,
341,Baadshah,1999,Abbas-Mustan,Film,6.8,175 min,
342,Mud,2012,Jeff Nichols,Film,7.4,130 min,
343,Shaadi Mein Zaroor Aana,2017,Ratnaa Sinha,Film,7.6,137 min,
344,Hell Is Other People,2019,,Series,7.8,60 min,
345,Marianne,2019,,Series,7.4,50 min,
346,All About Lily Chou-Chou,2001,Shunji Iwai,Film,7.5,146 min,
347,Hell House LLC,2015,Stephen Cognetti,Film,6.4,93 min,
348,We Live in Time,2024,John Crowley,Film,7.6,107 min,
349,Revelations,,,Film,,,
350,Risky Business,1983,Paul Brickman,Film,6.8,99 min,
351,Arbitrage,2012,Nicholas Jarecki,Film,6.6,107 min,
352,The Town,2010,Ben Affleck,Film,7.5,125 min,
353,Remake Our Life!,2021,,Anime,7.2,23 min,
354,Aaytha Ezhuthu,2004,Mani Ratnam,Film,7.9,157 min,
355,A Beautiful Mind,2001,Ron Howard,Film,8.2,135 min,
356,The Green Mile,1999,Frank Darabont,Film,8.6,189 min,
357,Gharshana,2004,Gautham Menon,Film,7.9,149 min,
358,Mississippi Grind,2015,Anna Boden,Film,6.4,108 min,
359,Nameless Gangster: Rules of the Time,2012,Yoon Jong-bin,Film,7,133 min,
360,Public Enemy,2009,Michael Mann,Film,7,140 min,
361,Joint Security Area,2000,Park Chan-wook,Film,7.7,110 min,
362,Gone Baby Gone,2007,Ben Affleck,Film,7.6,114 min,
363,Avatar the Last Airbender,2005,,Series,9.3,23 min,
364,Mystic River,2003,Clint Eastwood,Film,7.9,138 min,
365,The Legend of Bagger Vance,2000,Robert Redford,Film,6.7,126 min,
366,The Apartment,1960,Billy Wilder,Film,8.3,125 min,
367,Bridge of Spies,2015,Steven Spielberg,Film,7.6,142 min,
368,JFK,1991,Oliver Stone,Film,8,189 min,
369,A Tale of Two Sisters,2003,Kim Jee-woon,Film,7.1,114 min,
370,Coherence,2013,James Ward Byrkit,Film,7.2,89 min,
371,Dark City,1998,Alex Proyas,Film,7.6,100 min,
372,Apollo 13,1995,Ron Howard,Film,7.7,140 min,
373,Cloud Atlas,2012,Lana Wachowski,Film,7.4,172 min,
374,The Accountant,2016,Gavin O'Connor,Film,7.3,128 min,
375,Blow Out,1981,Brian De Palma,Film,7.4,108 min,
376,Pachinko,2022,,Series,8.3,55 min,
377,The Aeronauts,2019,Tom Harper,Film,6.6,100 min,
378,The Girl with the Needle,2024,Magnus von Horn,Film,7,115 min,
379,With Honors,1994,Alek Keshishian,Film,6.7,101 min,
380,The Gentlemen,2019,Guy Ritchie,Film,7.8,113 min,
381,A Complete Unknown,2024,James Mangold,Film,,120 min,
382,Hotarubi no Mori e,2011,Takahiro Omori,Anime,7.8,45 min,
383,Sword of the Stranger,2007,Masahiro Andō,Anime,7.8,103 min,
384,Millennium Actress,2001,Satoshi Kon,Anime,7.8,87 min,
385,Mirai,2018,Mamoru Hosoda,Anime,7,98 min,
386,Song of the Sea,2014,Tomm Moore,Anime,8,93 min,
387,In This Corner of the World,2016,Sunao Katabuchi,Anime,7.7,129 min,
388,The Ides of March,2011,George Clooney,Film,7.1,101 min,
389,The Summit of the Gods,2021,Patrick Imbert,Anime,7.5,90 min,
390,Jaane Bhi Do Yaaro,1983,Kundan Shah,Film,8.3,132 min,
391,Green Book,2018,Peter Farrelly,Film,8.2,130 min,
392,Crash Landing on You,2019,,Series,8.7,70 min,
393,Three Billboards Outside Ebbing Missouri,2017,Martin McDonagh,Film,8.1,115 min,
394,The Banshees of Inisherin,2022,Martin McDonagh,Film,7.7,114 min,
395,In Bruges,2008,Martin McDonagh,Film,7.9,107 min,
396,About a Boy,2002,Chris Weitz,Film,7.1,101 min,
397,Years and Years,2019,,Series,8.3,60 min,
398,Station Eleven,2021,,Series,7.6,45 min,
399,Foundation,2021,,Series,7.6,60 min,
400,Tess,1979,Roman Polanski,Film,7.3,186 min,
401,A Company Man,2012,Lim Sang-yoon,Film,6.6,96 min,
402,I the Executioner,2024,Ryoo Seung-wan,Film,6.6,118 min,
403,How Disney Built America,,,Series,,,
404,Agents of S.H.I.E.L.D.,2013,,Series,7.5,45 min,
405,Black Sails,2014,,Series,8.2,60 min,
406,Door Lock,2018,Lee Kwon,Film,6.3,102 min,
407,Sadma,1983,Balu Mahendra,Film,8.3,139 min,
408,S/O Satyamurthy,2015,Trivikram Srinivas,Film,7.1,162 min,
409,Racha,2012,Sampath Nandi,Film,4.8,138 min,
410,Death Proof,2007,Quentin Tarantino,Film,7,113 min,
411,Malèna,2000,Giuseppe Tornatore,Film,7.4,108 min,
412,A Series of Unfortunate Events,2017,,Series,7.8,50 min,
413,Spy Kids,2001,Robert Rodriguez,Film,5.6,88 min,
414,Silence,2016,Martin Scorsese,Film,7.1,161 min,
415,Bad Genius,2017,Nattawut Poonpiriya,Film,7.6,130 min,
416,The God of Ramen,2013,Takashi Innami,Film,7.4,90 min,
417,Khakee,2004,Rajkumar Santoshi,Film,7.4,174 min,
418,Lizzie,2018,Craig William Macneill,Film,5.9,105 min,
419,Bluey,2018,,Series,9.4,7 min,
420,Shaun the Sheep,2007,,Series,8.2,7 min,
421,Generator Rex,2010,,Series,7.7,23 min,
422,Ben 10: Alien Force,2008,,Series,7.5,23 min,
423,Ben 10,2005,,Series,7.5,23 min,
424,Ben 10: Ultimate Alien,2010,,Series,7.7,23 min,
425,Suicide Club,2001,Sion Sono,Film,6.5,99 min,
426,Paddington 2,2017,Paul King,Film,7.8,103 min,
427,Gaus Electronics,2022,,Series,8.1,50 min,
428,The Night Agent,2023,,Series,7.5,45 min,
429,Meet the Parents,2000,Jay Roach,Film,7,108 min,
430,Tsuki ga Kirei,2017,,Anime,7.8,24 min,
431,Under the Open Sky,2020,Miwa Nishikawa,Film,7.1,126 min,
432,Raat Akeli Hai,2020,Honey Trehan,Film,7.2,149 min,
433,Konotopska vidma,,,Film,,,
434,Sanam Re,2016,Divya Khosla Kumar,Film,3.3,120 min,
435,How To Make Millions Before Grandma Dies,2024,Pat Boonnitipat,Film,8.2,127 min,
436,Hero Bhakti Hi Shakti Hai,2005,,Series,8.2,22 min,
437,Rangasthalam,2018,Sukumar,Film,8.2,170 min,
438,Violent Cop,1989,Takeshi Kitano,Film,7.1,103 min,
439,Krishnam Vande Jagadgurum,2012,Krish Jagarlamudi,Film,6.8,135 min,
440,Twenty-Five Twenty-One,2022,,Series,8.6,75 min,
441,Hum Hain Rahi Pyar Ke,1993,Mahesh Bhatt,Film,7.3,156 min,
442,The Chase,2017,Kim Hong-sun,Film,6.8,110 min,
443,Mother,2009,Bong Joon-ho,Film,7.8,129 min,
444,Sympathy for Mr. Vengeance,2002,Park Chan-wook,Film,7.5,121 min,
445,Swing Girls,2004,Shinobu Yaguchi,Film,7.5,105 min,
446,From Beijing with Love,1994,Stephen Chow,Film,7.1,83 min,
447,The Night Comes for Us,2018,Timo Tjahjanto,Film,6.9,121 min,
448,Sri Anjaneyam,2004,Krishna Vamsi,Film,5.4,145 min,
449,Main Aisa Hi Hoon,2005,Harry Baweja,Film,5,165 min,
450,No Smoking,2007,Anurag Kashyap,Film,7.3,128 min,
451,Raju Chacha,2000,Anil Devgan,Film,5,165 min,
452,The Brutalist,2024,Brady Corbet,Film,,215 min,
453,Flow,2024,Gints Zilbalodis,Film,8,84 min,
454,The Man from Nowhere,2010,Lee Jeong-beom,Film,7.7,119 min,
455,Black Bag,,,Film,,,
456,Over the Garden Wall,2014,,Series,8.8,110 min,
457,Four Weddings and a Funeral,1994,Mike Newell,Film,7.1,117 min,
458,Band of Brothers,2001,,Series,9.4,594 min,
459,Tick Tick... Boom!,2021,Lin-Manuel Miranda,Film,7.5,115 min,
460,The Frozen Ground,2013,Scott Walker,Film,6.4,105 min,
461,Fanny and Alexander,1982,Ingmar Bergman,Film,8.1,188 min,
462,The Guest,2014,Adam Wingard,Film,6.7,100 min,
463,Revenant,2023,Kim Eun-hee,Series,7.9,70 min,
464,A Tale of Two Cities,1935,Jack Conway,Film,7.8,123 min,
465,Vertigo,1958,Alfred Hitchcock,Film,8.3,128 min,
466,All the Long Nights,2024,Sho Miyake,Film,7,119 min,
467,Das Schweigen der Quandts,2007,Eric Friedler,Film,7.6,90 min,
468,Black Doves,2024,,Series,,60 min,
469,The Constant Gardener,2005,Fernando Meirelles,Film,7.4,129 min,
470,Vadh,2022,Jaspal Singh Sandhu,Film,7.1,102 min,
471,Miracle on 34th Street,1947,George Seaton,Film,7.9,96 min,
472,Kolchak: The Night Stalker,1974,,Series,8.4,50 min,
473,The Red and the White,1967,Miklós Jancsó,Film,7.6,90 min,
474,Frozen,2013,Chris Buck,Film,7.4,102 min,
475,Die Hard,1988,John McTiernan,Film,8.2,132 min,
476,Scissor Seven,2018,,Anime,8.4,15 min,
477,The Beautiful Troublemaker,1991,Jacques Rivette,Film,7.6,238 min,
478,The Piano Lesson,2024,Malcolm Washington,Film,6,125 min,
479,Welcome to the N.H.K.,2006,,Anime,8.3,24 min,
480,Alanaati Ramchandrudu,,,Film,,,
481,Anchorman: The Legend of Ron Burgundy,2004,Adam McKay,Film,7.1,94 min,
482,Step Brothers,2008,Adam McKay,Film,6.9,98 min,
483,Liar Liar,1997,Tom Shadyac,Film,6.9,86 min,
484,Suzhou River,2000,Lou Ye,Film,7.4,83 min,
485,From Me to You,2009,,Anime,7.8,23 min,
486,Set It Up,2018,Claire Scanlon,Film,6.5,105 min,
487,Lincoln,2012,Steven Spielberg,Film,7.3,150 min,
488,Reply 1988,2015,,Series,9.2,90 min,
489,Hi Bye Mama!,2020,,Series,7.9,70 min,
490,The Ghost Writer,2010,Roman Polanski,Film,7.2,128 min,
491,The Magnificent Seven,1960,John Sturges,Film,7.7,128 min,
492,The Good the Bad and the Ugly,1966,Sergio Leone,Film,8.8,161 min,
493,Vision Quest,1985,Harold Becker,Film,6.5,107 min,
494,The Offer,2022,,Series,8.6,60 min,
495,Serendipity,2001,Peter Chelsom,Film,6.8,90 min,
496,Pulse,2001,Kiyoshi Kurosawa,Film,6.5,119 min,
497,Sunset Boulevard,1950,Billy Wilder,Film,8.4,110 min,
498,Googly,2013,Pavan Wadeyar,Film,7.4,150 min,
499,Mr. Perfect,2011,K. Dasaradh,Film,6.4,145 min,
500,Chatrapathi,2005,S.S. Rajamouli,Film,7.2,168 min,
501,Darling,2010,A. Karunakaran,Film,7.4,151 min,
502,The Knick,2014,,Series,8.5,45 min,
503,Every Brilliant Thing,2016,Fenton Bailey,Film,8,60 min,
504,Central Station,1998,Walter Salles,Film,8,110 min,
505,Sugarcane,2024,Julian Brave NoiseCat,Film,7.5,107 min,
506,Mudbrick,,,Film,,,
507,Yi Yi,2000,Edward Yang,Film,8.1,173 min,
508,Black Narcissus,1947,Michael Powell,Film,7.8,100 min,
509,Seoul Busters,2024,,Series,7.5,60 min,
510,A Discovery of Witches,2018,,Series,7.8,44 min,
511,The Ninth Gate,1999,Roman Polanski,Film,6.7,133 min,
512,Ghost Mansion,2021,Jo Ba-reun,Film,6.2,106 min,
513,The Handmaiden,2016,Park Chan-wook,Film,8.1,145 min,
514,Fabricated City,2017,Park Kwang-hyun,Film,6.8,126 min,
515,A Bittersweet Life,2005,Kim Jee-woon,Film,7.5,120 min,
516,Last Life in the Universe,2003,Pen-Ek Ratanaruang,Film,7.5,105 min,
517,Roman Holiday,1953,William Wyler,Film,8,118 min,
518,Incendies,2010,Denis Villeneuve,Film,8.3,131 min,
519,The Devil is a Part-Timer!,2013,,Anime,7.6,24 min,
520,Barakamon,2014,,Anime,8.2,22 min,
521,GTO,1999,,Anime,8.5,24 min,
522,Ninjaboy Rantaro,,,Anime,,,
523,Bloodhounds,2023,,Series,8.1,60 min,
524,The Prisoner,1967,,Series,8.5,50 min,
525,Vivre sa vie,1962,Jean-Luc Godard,Film,7.9,84 min,
526,First Love,2019,Takashi Miike,Film,6.8,108 min,
527,That Christmas,2024,Simon Otto,Film,7.2,95 min,
528,1984,1984,Michael Radford,Film,7.1,113 min,
529,Ved,2022,Riteish Deshmukh,Film,6.9,148 min,
530,Das Boot,1981,Wolfgang Petersen,Film,8.4,149 min,
531,Stalingrad,1993,Joseph Vilsmaier,Film,7.5,134 min,
532,The Tattooist of Auschwitz,2024,,Series,7.4,60 min,
533,Wedding Crashers,2005,David Dobkin,Film,7,119 min,
534,A Few Good Men,1992,Rob Reiner,Film,7.7,138 min,
535,Instant Family,2018,Sean Anders,Film,7.3,118 min,
536,Sully: Miracle on the Hudson,2016,Clint Eastwood,Film,7.4,96 min,
537,The Yellow Sea,2010,Na Hong-jin,Film,7.3,157 min,
538,Thirst,2009,Park Chan-wook,Film,7.1,134 min,
539,The Cotton Club,1984,Francis Ford Coppola,Film,6.5,127 min,
540,Witness,1985,Peter Weir,Film,7.4,112 min,
541,Captain Fantastic,2016,Matt Ross,Film,7.8,118 min,
542,The Double,2013,Richard Ayoade,Film,6.5,93 min,
543,Janaka Ayithe Ganaka,,,Film,,,
544,Jajantaram Mamantaram,2003,Soumitra Ranade,Film,5,128 min,
545,Taal,1999,Subhash Ghai,Film,6.6,179 min,
546,Murari,2001,Krishna Vamsi,Film,7.8,172 min,
547,Donnie Darko,2001,Richard Kelly,Film,8,113 min,
548,The Butterfly Effect,2004,Eric Bress,Film,7.6,113 min,
549,Master and Commander: The Far Side of the World,2003,Peter Weir,Film,7.5,138 min,
550,The Lord of the Rings: The Return of the King,2003,Peter Jackson,Film,9,201 min,
551,The Reluctant Traveler,2023,Eugene Levy,Series,7.4,40 min,
552,Raja Kumarudu,1999,K. Raghavendra Rao,Film,6,147 min,
553,Ex Machina,2014,Alex Garland,Film,7.7,108 min,
554,Murder Mindfully,2024,,Series,7.2,30 min,
555,The Adventures of Tintin,2011,Steven Spielberg,Film,7.3,107 min,
556,The Adventures of Baron Munchausen,1988,Terry Gilliam,Film,7.1,126 min,
557,Romancing the Stone,1984,Robert Zemeckis,Film,6.9,106 min,
558,Trance,2020,Anwar Rasheed,Film,7.3,170 min,
559,Iroduku: The World in Colors,2018,,Anime,7.4,24 min,
560,Grown Ups,2010,Dennis Dugan,Film,5.9,102 min,
561,Jungle Cruise,2021,Jaume Collet-Serra,Film,6.6,127 min,
562,127 Hours,2010,Danny Boyle,Film,7.5,94 min,
563,Strangers on a Train,1951,Alfred Hitchcock,Film,7.9,101 min,
564,I Am Legend,2007,Francis Lawrence,Film,7.2,101 min,
565,Winners and Sinners,1983,Sammo Hung,Film,6.6,108 min,
566,The Assassination of Jesse James by the Coward Robert Ford,2007,Andrew Dominik,Film,7.5,160 min,
567,Kolobos,1999,Daniel Liatowitsch,Film,5.3,87 min,
568,The Quest,1996,Jean-Claude Van Damme,Film,5.6,95 min,
569,Aayirathil Oruvan,2010,Selvaraghavan,Film,8.1,183 min,
570,Batman Beyond,1999,,Anime,8.1,23 min,
571,Swiss Army Man,2016,Daniels,Film,6.9,97 min,
572,The Dreamers,2003,Bernardo Bertolucci,Film,7.1,115 min,
573,The Motorcycle Diaries,2004,Walter Salles,Film,7.7,126 min,
574,Demonic,2015,Will Canon,Film,5.3,83 min,
575,Ferris Bueller's Day Off,1986,John Hughes,Film,7.8,103 min,
576,Garden State,2004,Zach Braff,Film,7.4,102 min,
577,Pretty in Pink,1986,Howard Deutch,Film,6.7,96 min,
578,The Perks of Being a Wallflower,2012,Stephen Chbosky,Film,7.9,103 min,
579,Mean Girls,2004,Mark Waters,Film,7.1,97 min,
580,Mank,2020,David Fincher,Film,6.8,131 min,
581,Beast,2022,Baltasar Kormákur,Film,5.6,93 min,
582,Fool's Paradise,2023,Charlie Day,Film,4.7,90 min,
583,Babylon,2022,Damien Chazelle,Film,7.1,189 min,
584,Food Wars!: Shokugeki no Soma,2015,,Anime,8.1,24 min,
585,The Pianist,2002,Roman Polanski,Film,8.5,150 min,
586,Oruchuban Ebichu,1999,,Anime,7.6,10 min,
587,Visitor Q,2001,Takashi Miike,Film,6.4,84 min,
588,August Underground,2001,Fred Vogel,Film,4.2,70 min,
589,Konstruktor krasnogo tsveta,1993,Andrey Iskanov,Film,5.8,93 min,
590,Monster,2004,,Anime,8.7,24 min,
591,Chef,2014,Jon Favreau,Film,7.3,114 min,
592,The Bucket List,2007,Rob Reiner,Film,7.4,97 min,
593,Back in Time,2015,Jason Aron,Film,6.3,93 min,
594,American Psycho,2000,Mary Harron,Film,7.6,102 min,
595,The Wolf of Wall Street,2013,Martin Scorsese,Film,8.2,180 min,
596,Nightcrawler,2014,Dan Gilroy,Film,7.8,117 min,
597,Prisoners,2013,Denis Villeneuve,Film,8.1,153 min,
598,Sicario,2015,Denis Villeneuve,Film,7.7,121 min,
599,Nocturnal Animals,2016,Tom Ford,Film,7.5,116 min,
600,Enemy,2013,Denis Villeneuve,Film,6.9,91 min,
601,Her,2013,Spike Jonze,Film,8,126 min,
602,Ex Machina,2014,Alex Garland,Film,7.7,108 min,
603,Annihilation,2018,Alex Garland,Film,6.8,115 min,
604,Under the Skin,2013,Jonathan Glazer,Film,6.3,108 min,
605,The Lobster,2015,Yorgos Lanthimos,Film,7.1,119 min,
606,The Killing of a Sacred Deer,2017,Yorgos Lanthimos,Film,7,121 min,
607,Dogtooth,2009,Yorgos Lanthimos,Film,7.2,97 min,
608,Moonlight,2016,Barry Jenkins,Film,7.4,111 min,
609,La La Land,2016,Damien Chazelle,Film,8,128 min,
610,Whiplash,2014,Damien Chazelle,Film,8.5,106 min,
611,Birdman,2014,Alejandro G. Iñárritu,Film,7.7,119 min,
612,The Grand Budapest Hotel,2014,Wes Anderson,Film,8.1,99 min,
613,Moonrise Kingdom,2012,Wes Anderson,Film,7.8,94 min,
614,Fantastic Mr. Fox,2009,Wes Anderson,Film,7.9,87 min,
615,Isle of Dogs,2018,Wes Anderson,Film,7.8,101 min,
616,Coco,2017,Lee Unkrich,Film,8.4,105 min,
617,Inside Out,2015,Pete Docter,Film,8.1,95 min,
618,Soul,2020,Pete Docter,Film,8,100 min,
619,Spider-Man: Into the Spider-Verse,2018,Bob Persichetti,Film,8.4,117 min,
620,Spider-Man: Across the Spider-Verse,2023,Joaquim Dos Santos,Film,8.6,140 min,
621,Puss in Boots: The Last Wish,2022,Joel Crawford,Film,7.8,102 min,
622,Everything Everywhere All At Once,2022,Daniels,Film,7.8,139 min,
623,Parasite,2019,Bong Joon-ho,Film,8.5,132 min,
624,Memories of Murder,2003,Bong Joon-ho,Film,8.1,131 min,
625,The Host,2006,Bong Joon-ho,Film,7.1,120 min,
626,Snowpiercer,2013,Bong Joon-ho,Film,7.1,126 min,
627,Okja,2017,Bong Joon-ho,Film,7.3,120 min,
628,Oldboy,2003,Park Chan-wook,Film,8.3,120 min,
629,The Handmaiden,2016,Park Chan-wook,Film,8.1,145 min,
630,Thirst,2009,Park Chan-wook,Film,7.1,134 min,
631,Sympathy for Mr. Vengeance,2002,Park Chan-wook,Film,7.5,121 min,
632,Lady Vengeance,2005,Park Chan-wook,Film,7.5,115 min,
633,Train to Busan,2016,Yeon Sang-ho,Film,7.6,118 min,
634,The Wailing,2016,Na Hong-jin,Film,7.4,156 min,
635,I Saw the Devil,2010,Kim Jee-woon,Film,7.8,144 min,
636,A Tale of Two Sisters,2003,Kim Jee-woon,Film,7.1,114 min,
637,Burning,2018,Lee Chang-dong,Film,7.5,148 min,
638,Poetry,2010,Lee Chang-dong,Film,7.8,139 min,
639,Secret Sunshine,2007,Lee Chang-dong,Film,7.5,142 min,
640,Oasis,2002,Lee Chang-dong,Film,7.9,133 min,
641,Peppermint Candy,1999,Lee Chang-dong,Film,7.6,130 min,
642,Spring Summer Fall Winter... and Spring,2003,Kim Ki-duk,Film,8,103 min,
643,3-Iron,2004,Kim Ki-duk,Film,7.9,88 min,
644,Pieta,2012,Kim Ki-duk,Film,7.1,104 min,
645,Castaway on the Moon,2009,Lee Hae-jun,Film,8,116 min,
646,My Sassy Girl,2001,Kwak Jae-yong,Film,8,123 min,
647,The Classic,2003,Kwak Jae-yong,Film,7.8,132 min,
648,A Moment to Remember,2004,John H. Lee,Film,8.1,144 min,
649,Always,2011,Song Il-gon,Film,7.7,105 min,
650,Be with You,2018,Lee Jang-hoon,Film,7.7,132 min,
651,Tune in for Love,2019,Jung Ji-woo,Film,7.1,122 min,
652,Architecture 101,2012,Lee Yong-ju,Film,7.2,118 min,
653,On Your Wedding Day,2018,Lee Seok-geun,Film,6.9,110 min,
654,The Beauty Inside,2015,Baik,Film,7.3,127 min,
655,Little Forest,2018,Yim Soon-rye,Film,7.1,103 min,
656,Microhabitat,2017,Jeon Go-woon,Film,7.4,106 min,
657,House of Hummingbird,2018,Kim Bora,Film,7.4,138 min,
658,Kim Ji-young: Born 1982,2019,Kim Do-young,Film,7.3,118 min,
659,Minari,2020,Lee Isaac Chung,Film,7.4,115 min,
660,The Farewell,2019,Lulu Wang,Film,7.5,100 min,
661,Past Lives,2023,Celine Song,Film,7.9,105 min,
662,After Yang,2021,Kogonada,Film,6.7,96 min,
663,Columbus,2017,Kogonada,Film,7.2,100 min,
664,Drive My Car,2021,Ryusuke Hamaguchi,Film,7.5,179 min,
665,Shoplifters,2018,Hirokazu Kore-eda,Film,7.9,121 min,
666,Nobody Knows,2004,Hirokazu Kore-eda,Film,8,141 min,
667,Still Walking,2008,Hirokazu Kore-eda,Film,7.9,115 min,
668,Like Father Like Son,2013,Hirokazu Kore-eda,Film,7.8,121 min,
669,Our Little Sister,2015,Hirokazu Kore-eda,Film,7.5,127 min,
670,After the Storm,2016,Hirokazu Kore-eda,Film,7.4,117 min,
671,Broker,2022,Hirokazu Kore-eda,Film,7.1,129 min,
672,Monster,2023,Hirokazu Kore-eda,Film,7.9,126 min,
673,Perfect Days,2023,Wim Wenders,Film,7.9,124 min,
674,Departures,2008,Yojiro Takita,Film,8,130 min,
675,Confessions,2010,Tetsuya Nakashima,Film,7.8,106 min,
676,The World of Kanako,2014,Tetsuya Nakashima,Film,6.6,118 min,
677,Memories of Matsuko,2006,Tetsuya Nakashima,Film,7.8,130 min,
678,Kamikaze Girls,2004,Tetsuya Nakashima,Film,7.1,102 min,
679,Linda Linda Linda,2005,Nobuhiro Yamashita,Film,7.4,114 min,
680,Swing Girls,2004,Shinobu Yaguchi,Film,7.5,105 min,
681,Waterboys,2001,Shinobu Yaguchi,Film,7.1,91 min,
682,Wood Job!,2014,Shinobu Yaguchi,Film,7.6,116 min,
683,Survival Family,2016,Shinobu Yaguchi,Film,7.1,117 min,
684,Key of Life,2012,Kenji Uchida,Film,7.5,128 min,
685,One Cut of the Dead,2017,Shin'ichirō Ueda,Film,7.6,96 min,
686,Beyond the Infinite Two Minutes,2020,Junta Yamaguchi,Film,7,70 min,
687,Summer Time Machine Blues,2005,Katsuyuki Motohiro,Film,7.3,107 min,
688,Fish Story,2009,Yoshihiro Nakamura,Film,7.6,112 min,
689,A Story of Yonosuke,2013,Shuichi Okita,Film,7.7,160 min,
690,The Woodsman and the Rain,2011,Shuichi Okita,Film,7.2,129 min,
691,Rent-a-Cat,2012,Naoko Ogigami,Film,6.9,110 min,
692,Kamome Diner,2006,Naoko Ogigami,Film,7,102 min,
693,Megane,2007,Naoko Ogigami,Film,7.1,106 min,
694,Close-Knit,2017,Naoko Ogigami,Film,7.1,127 min,
695,Riverside Mukolitta,2021,Naoko Ogigami,Film,6.8,120 min,
696,Adrift in Tokyo,2007,Satoshi Miki,Film,7.4,101 min,
697,Turtles Are Surprisingly Fast Swimmers,2005,Satoshi Miki,Film,6.9,90 min,
698,Instant Swamp,2009,Satoshi Miki,Film,6.6,119 min,
699,Fine Totally Fine,2008,Yosuke Fujita,Film,7.1,110 min,
700,100 Yen Love,2014,Masaharu Take,Film,7.3,113 min,
701,Blue Spring,2001,Toshiaki Toyoda,Film,7.3,83 min,
702,9 Souls,2003,Toshiaki Toyoda,Film,7.2,120 min,
703,Hanging Garden,2005,Toshiaki Toyoda,Film,6.7,114 min,
704,I'm Flash!,2012,Toshiaki Toyoda,Film,5.9,91 min,
705,The Blood of Wolves,2018,Kazuya Shiraishi,Film,6.9,126 min,
706,Birds Without Names,2017,Kazuya Shiraishi,Film,6.6,123 min,
707,Twisted Justice,2016,Kazuya Shiraishi,Film,6.7,135 min,
708,The Devil's Path,2013,Kazuya Shiraishi,Film,7,128 min,
709,Lesson of the Evil,2012,Takashi Miike,Film,6.6,129 min,
710,As the Gods Will,2014,Takashi Miike,Film,6.4,117 min,
711,Blade of the Immortal,2017,Takashi Miike,Film,6.7,140 min,
712,13 Assassins,2010,Takashi Miike,Film,7.5,141 min,
713,Hara-Kiri: Death of a Samurai,2011,Takashi Miike,Film,7.2,126 min,
714,Audition,1999,Takashi Miike,Film,7.1,115 min,
715,Ichi the Killer,2001,Takashi Miike,Film,7,129 min,
716,Gozu,2003,Takashi Miike,Film,6.9,129 min,
717,Visitor Q,2001,Takashi Miike,Film,6.4,84 min,
718,Happiness of the Katakuris,2001,Takashi Miike,Film,6.9,113 min,
719,Dead or Alive,1999,Takashi Miike,Film,6.7,105 min,
720,First Love,2019,Takashi Miike,Film,6.8,108 min,
721,Yakuza Apocalypse,2015,Takashi Miike,Film,5.6,115 min,
722,Ace Attorney,2012,Takashi Miike,Film,6.5,135 min,
723,Terra Formars,2016,Takashi Miike,Film,4.6,109 min,
724,JoJo's Bizarre Adventure: Diamond Is Unbreakable,2017,Takashi Miike,Film,5.8,119 min,
725,Crow's Zero,2007,Takashi Miike,Film,7,133 min,
726,Crow's Zero II,2009,Takashi Miike,Film,7.2,133 min,
727,Rurouni Kenshin,2012,Keishi Otomo,Film,7.4,134 min,
728,Rurouni Kenshin: Kyoto Inferno,2014,Keishi Otomo,Film,7.5,138 min,
729,Rurouni Kenshin: The Legend Ends,2014,Keishi Otomo,Film,7.5,134 min,
730,Rurouni Kenshin: The Final,2021,Keishi Otomo,Film,7.2,138 min,
731,Rurouni Kenshin: The Beginning,2021,Keishi Otomo,Film,7.4,137 min,
732,Kingdom,2019,Shinsuke Sato,Film,6.6,134 min,
733,Kingdom 2: Far and Away,2022,Shinsuke Sato,Film,6.9,134 min,
734,Alice in Borderland,2020,Shinsuke Sato,Series,7.7,50 min,
735,Gantz,2011,Shinsuke Sato,Film,6.4,130 min,
736,Gantz: Perfect Answer,2011,Shinsuke Sato,Film,6.2,141 min,
737,I Am a Hero,2015,Shinsuke Sato,Film,6.7,127 min,
738,Inuyashiki,2018,Shinsuke Sato,Film,6.6,127 min,
739,Bleach,2018,Shinsuke Sato,Film,6.3,108 min,
740,Death Note,2006,Shusuke Kaneko,Film,7.5,126 min,
741,Death Note: The Last Name,2006,Shusuke Kaneko,Film,7.2,141 min,
742,L: Change the World,2008,Hideo Nakata,Film,6.1,129 min,
743,Game of Thrones,2011,,Series,9.2,57 min,
744,Breaking Bad,2008,,Series,9.5,49 min,
745,Better Call Saul,2015,,Series,9,46 min,
746,The Wire,2002,,Series,9.3,59 min,
747,The Sopranos,1999,,Series,9.2,55 min,
748,Mad Men,2007,,Series,8.7,47 min,
749,Succession,2018,,Series,8.8,60 min,
750,Chernobyl,2019,,Series,9.3,330 min,
751,Band of Brothers,2001,,Series,9.4,594 min,
752,The Pacific,2010,,Series,8.3,530 min,
753,True Detective,2014,,Series,8.9,55 min,
754,Fargo,2014,,Series,8.9,53 min,
755,Mindhunter,2017,,Series,8.6,60 min,
756,Stranger Things,2016,,Series,8.7,51 min,
757,Dark,2017,,Series,8.7,60 min,
758,Black Mirror,2011,,Series,8.7,60 min,
759,Sherlock,2010,,Series,9.1,88 min,
760,Peaky Blinders,2013,,Series,8.8,60 min,
761,The Crown,2016,,Series,8.6,58 min,
762,Fleabag,2016,,Series,8.7,27 min,
763,The Queen's Gambit,2020,,Series,8.6,393 min,
764,Severance,2022,,Series,8.7,55 min,
765,Ted Lasso,2020,,Series,8.8,30 min,
766,The Bear,2022,,Series,8.6,30 min,
767,Andor,2022,,Series,8.4,40 min,
768,The Mandalorian,2019,,Series,8.7,40 min,
769,The Last of Us,2023,,Series,8.8,50 min,
770,House of the Dragon,2022,,Series,8.4,50 min,
771,Arcane,2021,,Series,9,41 min,
772,Cyberpunk: Edgerunners,2022,,Series,8.3,24 min,
773,Blue Eye Samurai,2023,,Series,8.7,45 min,
774,Invincible,2021,,Series,8.7,50 min,
775,The Boys,2019,,Series,8.7,60 min,
776,Gen V,2023,,Series,7.7,50 min,
777,Fallout,2024,,Series,8.4,60 min,
778,Shogun,2024,,Series,8.7,60 min,
779,Ripley,2024,,Series,8.1,60 min,
780,Baby Reindeer,2024,,Series,7.8,30 min,
781,3 Body Problem,2024,,Series,7.5,60 min,
782,Squid Game,2021,,Series,8,55 min,
783,All of Us Are Dead,2022,,Series,7.5,60 min,
784,Kingdom,2019,,Series,8.3,45 min,
785,Sweet Home,2020,,Series,7.3,50 min,
786,Hellbound,2021,,Series,6.6,50 min,
787,The Silent Sea,2021,,Series,6.9,45 min,
788,My Name,2021,,Series,7.8,50 min,
789,D.P.,2021,,Series,8.2,50 min,
790,Move to Heaven,2021,,Series,8.5,50 min,
791,Navillera,2021,,Series,8.2,60 min,
792,Vincenzo,2021,,Series,8.4,80 min,
793,Hometown Cha-Cha-Cha,2021,,Series,8.4,75 min,
794,Business Proposal,2022,,Series,8.1,60 min,
795,Extraordinary Attorney Woo,2022,,Series,8.6,70 min,
796,Alchemy of Souls,2022,,Series,8.8,70 min,
797,Reborn Rich,2022,,Series,8.1,70 min,
798,The Glory,2022,,Series,8.1,50 min,
799,Moving,2023,,Series,8.5,50 min,
800,Death's Game,2023,,Series,8.5,50 min,
801,A Shop for Killers,2024,,Series,8.1,50 min,
802,Killer Paradox,2024,,Series,7.2,50 min,
803,Parasyte: The Grey,2024,,Series,7.1,50 min,
804,Spirited Away,2001,Hayao Miyazaki,Anime,8.6,125 min,
805,Princess Mononoke,1997,Hayao Miyazaki,Anime,8.3,134 min,
806,My Neighbor Totoro,1988,Hayao Miyazaki,Anime,8.1,86 min,
807,Howl's Moving Castle,2004,Hayao Miyazaki,Anime,8.2,119 min,
808,Kiki's Delivery Service,1989,Hayao Miyazaki,Anime,7.8,103 min,
809,Castle in the Sky,1986,Hayao Miyazaki,Anime,8,125 min,
810,Nausicaä of the Valley of the Wind,1984,Hayao Miyazaki,Anime,8,117 min,
811,Porco Rosso,1992,Hayao Miyazaki,Anime,7.7,94 min,
812,The Wind Rises,2013,Hayao Miyazaki,Anime,7.7,126 min,
813,Ponyo,2008,Hayao Miyazaki,Anime,7.6,101 min,
814,The Boy and the Heron,2023,Hayao Miyazaki,Anime,7.5,124 min,
815,Grave of the Fireflies,1988,Isao Takahata,Anime,8.5,89 min,
816,The Tale of the Princess Kaguya,2013,Isao Takahata,Anime,8,137 min,
817,Only Yesterday,1991,Isao Takahata,Anime,7.6,118 min,
818,Pom Poko,1994,Isao Takahata,Anime,7.3,119 min,
819,My Neighbors the Yamadas,1999,Isao Takahata,Anime,7.1,104 min,
820,Whisper of the Heart,1995,Yoshifumi Kondō,Anime,7.9,111 min,
821,The Cat Returns,2002,Hiroyuki Morita,Anime,7.2,75 min,
822,Arrietty,2010,Hiromasa Yonebayashi,Anime,7.6,94 min,
823,When Marnie Was There,2014,Hiromasa Yonebayashi,Anime,7.7,103 min,
824,From Up on Poppy Hill,2011,Gorō Miyazaki,Anime,7.4,91 min,
825,Tales from Earthsea,2006,Gorō Miyazaki,Anime,6.3,115 min,
826,Earwig and the Witch,2020,Gorō Miyazaki,Anime,4.8,82 min,
827,Your Name.,2016,Makoto Shinkai,Anime,8.4,106 min,
828,Weathering with You,2019,Makoto Shinkai,Anime,7.5,112 min,
829,Suzume,2022,Makoto Shinkai,Anime,7.6,122 min,
830,5 Centimeters per Second,2007,Makoto Shinkai,Anime,7.5,63 min,
831,The Garden of Words,2013,Makoto Shinkai,Anime,7.4,46 min,
832,Children Who Chase Lost Voices,2011,Makoto Shinkai,Anime,7.1,116 min,
833,The Place Promised in Our Early Days,2004,Makoto Shinkai,Anime,6.9,91 min,
834,Voices of a Distant Star,2002,Makoto Shinkai,Anime,7.2,25 min,
835,A Silent Voice,2016,Naoko Yamada,Anime,8.1,130 min,
836,Liz and the Blue Bird,2018,Naoko Yamada,Anime,8.1,90 min,
837,K-On! Movie,2011,Naoko Yamada,Anime,7.8,110 min,
838,Tamako Love Story,2014,Naoko Yamada,Anime,7.8,83 min,
839,Wolf Children,2012,Mamoru Hosoda,Anime,8.1,117 min,
840,Summer Wars,2009,Mamoru Hosoda,Anime,7.4,114 min,
841,The Girl Who Leapt Through Time,2006,Mamoru Hosoda,Anime,7.7,98 min,
842,The Boy and the Beast,2015,Mamoru Hosoda,Anime,7.6,119 min,
843,Mirai,2018,Mamoru Hosoda,Anime,7,98 min,
844,Belle,2021,Mamoru Hosoda,Anime,7.1,121 min,
845,Paprika,2006,Satoshi Kon,Anime,7.7,90 min,
846,Perfect Blue,1997,Satoshi Kon,Anime,8,81 min,
847,Millennium Actress,2001,Satoshi Kon,Anime,7.8,87 min,
848,Tokyo Godfathers,2003,Satoshi Kon,Anime,7.8,92 min,
849,Ghost in the Shell,1995,Mamoru Oshii,Anime,7.9,83 min,
850,Ghost in the Shell 2: Innocence,2004,Mamoru Oshii,Anime,7.5,100 min,
851,Akira,1988,Katsuhiro Otomo,Anime,8,124 min,
852,Steamboy,2004,Katsuhiro Otomo,Anime,6.9,126 min,
853,Cowboy Bebop: The Movie,2001,Shinichirō Watanabe,Anime,7.8,115 min,
854,The End of Evangelion,1997,Hideaki Anno,Anime,8,87 min,
855,Evangelion: 1.0 You Are (Not) Alone,2007,Hideaki Anno,Anime,7.6,98 min,
856,Evangelion: 2.0 You Can (Not) Advance,2009,Hideaki Anno,Anime,7.9,108 min,
857,Evangelion: 3.0 You Can (Not) Redo,2012,Hideaki Anno,Anime,6.9,96 min,
858,Evangelion: 3.0+1.0 Thrice Upon a Time,2021,Hideaki Anno,Anime,8,155 min,
859,Violet Evergarden: The Movie,2020,Taichi Ishidate,Anime,8.3,140 min,
860,Demon Slayer: Mugen Train,2020,Haruo Sotozaki,Anime,8.2,117 min,
861,Jujutsu Kaisen 0,2021,Sunghoo Park,Anime,7.8,105 min,
862,One Piece Film: Red,2022,Gorō Taniguchi,Anime,6.6,115 min,
863,The First Slam Dunk,2022,Takehiko Inoue,Anime,8.2,124 min,
864,Haikyu!! The Dumpster Battle,2024,Susumu Mitsunaka,Anime,7.6,85 min,
865,Spy x Family Code: White,2023,Takashi Katagiri,Anime,7.1,110 min,
866,Look Back,2024,Kiyotaka Oshiyama,Anime,8.4,57 min,
867,Fullmetal Alchemist: Brotherhood,2009,,Anime,9.1,24 min,
868,Attack on Titan,2013,,Anime,9.1,24 min,
869,Hunter x Hunter,2011,,Anime,9,23 min,
870,Steins;Gate,2011,,Anime,8.8,24 min,
871,Death Note,2006,,Anime,8.9,24 min,
872,Cowboy Bebop,1998,,Anime,8.9,24 min,
873,One Piece,1999,,Anime,8.9,24 min,
874,Naruto: Shippuden,2007,,Anime,8.7,23 min,
875,Bleach,2004,,Anime,8.2,24 min,
876,Dragon Ball Z,1989,,Anime,8.8,24 min,
877,Code Geass,2006,,Anime,8.7,24 min,
878,Gurren Lagann,2007,,Anime,8.3,24 min,
879,Neon Genesis Evangelion,1995,,Anime,8.5,24 min,
880,Monster,2004,,Anime,8.7,24 min,
881,Hajime no Ippo,2000,,Anime,8.7,23 min,
882,Gintama,2006,,Anime,8.7,24 min,
883,Mob Psycho 100,2016,,Anime,8.6,24 min,
884,One Punch Man,2015,,Anime,8.7,24 min,
885,My Hero Academia,2016,,Anime,8.3,23 min,
886,Demon Slayer,2019,,Anime,8.6,24 min,
887,Jujutsu Kaisen,2020,,Anime,8.6,24 min,
888,Chainsaw Man,2022,,Anime,8.4,24 min,
889,Vinland Saga,2019,,Anime,8.8,24 min,
890,Cyberpunk: Edgerunners,2022,,Anime,8.3,24 min,
891,Arcane,2021,,Anime,9,41 min,
892,Blue Eye Samurai,2023,,Anime,8.7,45 min,
893,Pluto,2023,,Anime,8.2,60 min,
894,Frieren: Beyond Journey's End,2023,,Anime,8.9,24 min,
895,The Apothecary Diaries,2023,,Anime,8.3,23 min,
896,Dungeon Meshi,2024,,Anime,8.1,24 min,
897,Kaiju No. 8,2024,,Anime,7.9,23 min,
898,Solo Leveling,2024,,Anime,8.3,23 min,
899,Mashle,2023,,Anime,7.5,23 min,
900,Oshi no Ko,2023,,Anime,8.3,24 min,
901,Bocchi the Rock!,2022,,Anime,8.4,24 min,
902,Lycoris Recoil,2022,,Anime,7.5,24 min,
903,Summer Time Rendering,2022,,Anime,8.2,24 min,
904,Call of the Night,2022,,Anime,7.6,23 min,
905,Made in Abyss,2017,,Anime,8.4,25 min,
906,The Promised Neverland,2019,,Anime,8.2,23 min,
907,Dr. Stone,2019,,Anime,8.1,24 min,
908,Fire Force,2019,,Anime,7.6,24 min,
909,Black Clover,2017,,Anime,8.3,24 min,
910,Haikyu!!,2014,,Anime,8.7,24 min,
911,Kuroko's Basketball,2012,,Anime,8.2,24 min,
912,Blue Lock,2022,,Anime,8.2,24 min,
913,Ace of Diamond,2013,,Anime,8.2,24 min,
914,Ping Pong the Animation,2014,,Anime,8.6,23 min,
915,Run with the Wind,2018,,Anime,8.4,23 min,
916,Yuri on Ice,2016,,Anime,8.3,23 min,
917,Free!,2013,,Anime,7.3,24 min,
918,Sk8 the Infinity,2021,,Anime,8,24 min,
919,Violet Evergarden,2018,,Anime,8.4,24 min,
920,Your Lie in April,2014,,Anime,8.6,22 min,
921,Anohana,2011,,Anime,8.2,22 min,
922,Clannad: After Story,2008,,Anime,8.6,24 min,
923,Angel Beats!,2010,,Anime,7.6,24 min,
924,Plastic Memories,2015,,Anime,7.3,24 min,
925,Erased,2016,,Anime,8.5,23 min,
926,Orange,2016,,Anime,7.6,24 min,
927,ReLIFE,2016,,Anime,7.8,23 min,
928,Horimiya,2021,,Anime,8.1,23 min,
929,Kaguya-sama: Love Is War,2019,,Anime,8.5,24 min,
930,Toradora!,2008,,Anime,8,24 min,
931,Fruits Basket,2019,,Anime,8.6,24 min,
932,Ouran High School Host Club,2006,,Anime,8.2,24 min,
933,Maid Sama!,2010,,Anime,7.9,24 min,
934,Kamisama Kiss,2012,,Anime,8.1,24 min,
935,Yona of the Dawn,2014,,Anime,8,24 min,
936,Noragami,2014,,Anime,7.9,24 min,
937,Soul Eater,2008,,Anime,7.8,24 min,
938,Fire Force,2019,,Anime,7.6,24 min,
939,Blue Exorcist,2011,,Anime,7.4,24 min,
940,Seraph of the End,2015,,Anime,7.5,24 min,
941,Tokyo Ghoul,2014,,Anime,7.7,24 min,
942,Parasyte: The Maxim,2014,,Anime,8.3,24 min,
943,Psycho-Pass,2012,,Anime,8.2,23 min,
944,Darker Than Black,2007,,Anime,7.7,24 min,
945,Black Lagoon,2006,,Anime,7.9,24 min,
946,Bungo Stray Dogs,2016,,Anime,7.8,24 min,
947,Durarara!!,2010,,Anime,7.8,24 min,
948,Baccano!,2007,,Anime,8.2,24 min,
949,91 Days,2016,,Anime,7.7,24 min,
950,Banana Fish,2018,,Anime,8.2,23 min,
951,Great Pretender,2020,,Anime,7.9,23 min,
952,Odd Taxi,2021,,Anime,8.5,23 min,
953,Ranking of Kings,2021,,Anime,8.6,23 min,
954,To Your Eternity,2021,,Anime,8.4,25 min,
955,Mushishi,2005,,Anime,8.5,24 min,
956,Natsume's Book of Friends,2008,,Anime,8.1,24 min,
957,Barakamon,2014,,Anime,8.2,22 min,
958,Silver Spoon,2013,,Anime,8,23 min,
959,Space Brothers,2012,,Anime,8.1,24 min,
960,Planetes,2003,,Anime,8.2,25 min,
961,Legend of the Galactic Heroes,1988,,Anime,9,25 min,
962,Kingdom,2012,,Anime,8.4,25 min,
963,Golden Kamuy,2018,,Anime,8,23 min,
964,Dorohedoro,2020,,Anime,8.1,24 min,
965,Beastars,2019,,Anime,7.7,23 min,
966,Land of the Lustrous,2017,,Anime,8,24 min,
967,Keep Your Hands Off Eizouken!,2020,,Anime,8.2,25 min,
968,Shirobako,2014,,Anime,7.8,24 min,
969,Bakuman.,2010,,Anime,8,24 min,
970,Monthly Girls' Nozaki-kun,2014,,Anime,7.6,24 min,
971,Wotakoi: Love is Hard for Otaku,2018,,Anime,7.5,23 min,
972,Recovery of an MMO Junkie,2017,,Anime,7.3,24 min,
973,My Love Story!!,2015,,Anime,7.8,24 min,
974,Kimi ni Todoke,2009,,Anime,7.8,23 min,
975,"Say ""I Love You""",2012,,Anime,7.3,24 min,
976,Ao Haru Ride,2014,,Anime,7.5,23 min,
977,Wolf Girl and Black Prince,2014,,Anime,7,24 min,
978,Itazura na Kiss,2008,,Anime,7.3,24 min,
979,Nana,2006,,Anime,8.5,23 min,
980,Paradise Kiss,2005,,Anime,7.7,23 min,
981,Honey and Clover,2005,,Anime,7.9,23 min,
982,Nodame Cantabile,2007,,Anime,8.1,23 min,
983,Kids on the Slope,2012,,Anime,8.2,23 min,
984,Beck: Mongolian Chop Squad,2004,,Anime,8.3,25 min,
985,Given,2019,,Anime,8.2,23 min,
986,Sasaki and Miyano,2022,,Anime,7.6,23 min,
987,Bloom Into You,2018,,Anime,7.8,24 min,
988,Citrus,2018,,Anime,6.5,24 min,
989,Scum's Wish,2017,,Anime,7,23 min,
990,Domestic Girlfriend,2019,,Anime,6.7,24 min,
991,Rent-a-Girlfriend,2020,,Anime,7,24 min,
992,The Quintessential Quintuplets,2019,,Anime,7.6,24 min,
993,We Never Learn: BOKUBEN,2019,,Anime,7.1,23 min,
994,Nisekoi,2014,,Anime,7.2,24 min,
995,Food Wars! Shokugeki no Soma,2015,,Anime,8.1,24 min,
996,Assassination Classroom,2015,,Anime,8,23 min,
997,The Disastrous Life of Saiki K.,2016,,Anime,8.4,24 min,
998,Haven't You Heard? I'm Sakamoto,2016,,Anime,7.1,24 min,
999,Daily Lives of High School Boys,2012,,Anime,7.8,24 min,
1000,Nichijou - My Ordinary Life,2011,,Anime,8.3,23 min,
1001,Asobi Asobase,2018,,Anime,8,24 min,
1002,Grand Blue Dreaming,2018,,Anime,7.8,24 min,
1003,Prison School,2015,,Anime,7.6,24 min,
1004,Shimoneta,2015,,Anime,7,23 min,
1005,Konosuba,2016,,Anime,7.8,23 min,
1006,Re:Zero - Starting Life in Another World,2016,,Anime,8,25 min,
1007,Mushoku Tensei: Jobless Reincarnation,2021,,Anime,8.3,24 min,
1008,That Time I Got Reincarnated as a Slime,2018,,Anime,8.1,24 min,
1009,The Rising of the Shield Hero,2019,,Anime,7.9,24 min,
1010,Overlord,2015,,Anime,7.7,24 min,
1011,No Game No Life,2014,,Anime,7.7,24 min,
1012,Log Horizon,2013,,Anime,7.5,25 min,
1013,Sword Art Online,2012,,Anime,7.5,24 min,
1014,Accel World,2012,,Anime,7.1,24 min,
1015,Guilty Crown,2011,,Anime,7,24 min,
1016,Future Diary,2011,,Anime,7.5,24 min,
1017,Deadman Wonderland,2011,,Anime,7.1,24 min,
1018,Elfen Lied,2004,,Anime,7.9,25 min,
1019,Higurashi: When They Cry,2006,,Anime,7.8,24 min,
1020,Another,2012,,Anime,7.5,24 min,
1021,Shiki,2010,,Anime,7.6,22 min,
1022,Hell Girl,2005,,Anime,7.4,25 min,
1023,Mononoke,2007,,Anime,8.2,23 min,
1024,Paranoia Agent,2004,,Anime,8,24 min,
1025,Serial Experiments Lain,1998,,Anime,8.1,23 min,
1026,Texhnolyze,2003,,Anime,7.6,23 min,
1027,Haibane Renmei,2002,,Anime,8,24 min,
1028,Kino's Journey,2003,,Anime,8.3,24 min,
1029,Girls' Last Tour,2017,,Anime,7.6,24 min,
1030,Humanity Has Declined,2012,,Anime,7.4,24 min,
1031,The Tatami Galaxy,2010,,Anime,8.4,23 min,
1032,Kaiba,2008,,Anime,8.1,24 min,
1033,Devilman Crybaby,2018,,Anime,7.6,25 min,
1034,FLCL,2000,,Anime,8.1,25 min,
1035,Kill la Kill,2013,,Anime,7.9,24 min,
1036,Promare,2019,Hiroyuki Imaishi,Anime,7,111 min,
1037,Redline,2009,Takeshi Koike,Anime,7.5,102 min,
1038,Vampire Hunter D: Bloodlust,2000,Yoshiaki Kawajiri,Anime,7.6,103 min,
1039,Ninja Scroll,1993,Yoshiaki Kawajiri,Anime,7.8,94 min,
1040,Wicked City,1987,Yoshiaki Kawajiri,Anime,7,82 min,
1041,Perfect Blue,1997,Satoshi Kon,Anime,8,81 min,
1042,Millennium Actress,2001,Satoshi Kon,Anime,7.8,87 min,
1043,Tokyo Godfathers,2003,Satoshi Kon,Anime,7.8,92 min,
1044,Paprika,2006,Satoshi Kon,Anime,7.7,90 min,
1045,Metropolis,2001,Rintaro,Anime,7.2,108 min,
1046,Memories,1995,Katsuhiro Otomo,Anime,7.6,113 min,
1047,Neo Tokyo,1987,Rintaro,Anime,6.4,50 min,
1048,Robot Carnival,1987,Katsuhiro Otomo,Anime,7,90 min,
1049,Genius Party,2007,Atsuko Fukushima,Anime,6.9,85 min,
1050,Genius Party Beyond,2008,Mahiro Maeda,Anime,7.3,81 min,
1051,Mind Game,2004,Masaaki Yuasa,Anime,7.7,103 min,
1052,The Night Is Short Walk on Girl,2017,Masaaki Yuasa,Anime,7.5,93 min,
1053,Lu Over the Wall,2017,Masaaki Yuasa,Anime,6.7,112 min,
1054,Ride Your Wave,2019,Masaaki Yuasa,Anime,6.8,96 min,
1055,Inu-Oh,2021,Masaaki Yuasa,Anime,7.1,98 min,
1056,Tekkonkinkreet,2006,Michael Arias,Anime,7.5,111 min,
1057,Mutafukaz,2017,Shoujirou Nishimi,Anime,6.7,94 min,
1058,Batman Ninja,2018,Junpei Mizusaki,Anime,5.6,85 min,
1059,Star Wars: Visions,2021,,Anime,7,15 min,
1060,The Animatrix,2003,,Anime,7.3,102 min,
1061,Batman: Gotham Knight,2008,,Anime,6.7,75 min,
1062,Halo Legends,2010,,Anime,6.5,119 min,
1063,Dante's Inferno: An Animated Epic,2010,,Anime,6.5,88 min,
1064,Dead Space: Downfall,2008,,Anime,6.3,74 min,
1065,Mass Effect: Paragon Lost,2012,,Anime,5.8,90 min,
1066,Dragon Age: Dawn of the Seeker,2012,,Anime,5.8,90 min,
1067,Kingsglaive: Final Fantasy XV,2016,,Anime,6.7,110 min,
1068,Final Fantasy VII: Advent Children,2005,,Anime,7.2,101 min,
1069,Resident Evil: Degeneration,2008,,Anime,6.4,96 min,
1070,Resident Evil: Damnation,2012,,Anime,6.4,100 min,
1071,Resident Evil: Vendetta,2017,,Anime,6.2,97 min,
1072,Resident Evil: Death Island,2023,,Anime,5.7,91 min,
1073,Mortal Kombat Legends: Scorpion's Revenge,2020,,Anime,7.3,80 min,
1074,Mortal Kombat Legends: Battle of the Realms,2021,,Anime,6.5,80 min,
1075,Mortal Kombat Legends: Snow Blind,2022,,Anime,6.6,82 min,
1076,Mortal Kombat Legends: Cage Match,2023,,Anime,5.8,79 min,
1077,Injustice,2021,,Anime,6.3,78 min,
1078,Justice League Dark,2017,,Anime,7,75 min,
1079,Justice League Dark: Apokolips War,2020,,Anime,7.7,90 min,
1080,Constantine: City of Demons,2018,,Anime,7.3,90 min,
1081,Suicide Squad: Hell to Pay,2018,,Anime,7,86 min,
1082,Batman: Assault on Arkham,2014,,Anime,7.4,76 min,
1083,Batman: Under the Red Hood,2010,,Anime,8,75 min,
1084,Batman: The Dark Knight Returns Part 1,2012,,Anime,7.9,76 min,
1085,Batman: The Dark Knight Returns Part 2,2013,,Anime,8.3,76 min,
1086,Batman: Year One,2011,,Anime,7.3,64 min,
1087,Batman: The Long Halloween Part One,2021,,Anime,7.2,85 min,
1088,Batman: The Long Halloween Part Two,2021,,Anime,7.1,87 min,
1089,Superman/Batman: Public Enemies,2009,,Anime,7.1,67 min,
1090,Superman/Batman: Apocalypse,2010,,Anime,7,78 min,
1091,Justice League: Crisis on Two Earths,2010,,Anime,7.2,75 min,
1092,Justice League: Doom,2012,,Anime,7.4,77 min,
1093,Justice League: The Flashpoint Paradox,2013,,Anime,8.1,81 min,
1094,Justice League: War,2014,,Anime,7.2,79 min,
1095,Justice League: Throne of Atlantis,2015,,Anime,6.6,72 min,
1096,Justice League vs. Teen Titans,2016,,Anime,6.9,78 min,
1097,Teen Titans: The Judas Contract,2017,,Anime,7,84 min,
1098,The Death of Superman,2018,,Anime,7.3,81 min,
1099,Reign of the Supermen,2019,,Anime,6.7,87 min,
1100,Batman: Hush,2019,,Anime,6.9,81 min,
1101,Wonder Woman,2009,,Anime,7.2,74 min,
1102,Green Lantern: First Flight,2009,,Anime,7,77 min,
1103,Green Lantern: Emerald Knights,2011,,Anime,6.8,84 min,
1104,All-Star Superman,2011,,Anime,6.8,76 min,
1105,Superman vs. The Elite,2012,,Anime,7,76 min,
1106,Superman: Unbound,2013,,Anime,6.5,75 min,
1107,Superman: Man of Tomorrow,2020,,Anime,6.3,86 min,
1108,Justice Society: World War II,2021,,Anime,6.3,84 min,
1109,Legion of Super-Heroes,2023,,Anime,5.8,83 min,
1110,Justice League: Warworld,2023,,Anime,5.3,90 min,
1111,Crisis on Infinite Earths Part One,2024,,Anime,6.3,93 min,
1112,Crisis on Infinite Earths Part Two,2024,,Anime,6.2,94 min,
1113,Crisis on Infinite Earths Part Three,2024,,Anime,6.1,99 min,
1114,Watchmen: Chapter 1,2024,,Anime,6,83 min,
1115,Batman: Caped Crusader,2024,,Series,7.4,24 min,
1116,My Adventures with Superman,2023,,Series,7.7,23 min,
1117,Harley Quinn,2019,,Series,8.4,23 min,
1118,Young Justice,2010,,Series,8.6,23 min,
1119,Teen Titans,2003,,Series,7.9,23 min,
1120,Static Shock,2000,,Series,7.4,23 min,
1121,Batman Beyond,1999,,Series,8.1,23 min,
1122,Superman: The Animated Series,1996,,Series,8.1,23 min,
1123,Batman: The Animated Series,1992,,Series,9,23 min,
1124,X-Men: The Animated Series,1992,,Series,8.4,23 min,
1125,X-Men '97,2024,,Series,8.8,30 min,
1126,Spider-Man: The Animated Series,1994,,Series,8.4,21 min,
1127,The Spectacular Spider-Man,2008,,Series,8.3,23 min,
1128,Avengers: Earth's Mightiest Heroes,2010,,Series,8.3,23 min,
1129,Wolverine and the X-Men,2009,,Series,8,23 min,
1130,Iron Man: Armored Adventures,2009,,Series,7.3,23 min,
1131,Fantastic Four: World's Greatest Heroes,2006,,Series,6.7,23 min,
1132,Guardians of the Galaxy,2015,,Series,7.3,22 min,
1133,Ultimate Spider-Man,2012,,Series,7.2,23 min,
1134,Avengers Assemble,2013,,Series,7,23 min,
1135,Hulk and the Agents of S.M.A.S.H.,2013,,Series,6.3,23 min,
1136,What If...?,2021,,Series,7.4,32 min,
1137,Hit-Monkey,2021,,Series,7.8,27 min,
1138,M.O.D.O.K.,2021,,Series,6.3,24 min,
1139,Moon Girl and Devil Dinosaur,2023,,Series,7.7,22 min,
1140,Spidey and His Amazing Friends,2021,,Series,6.4,24 min,
1141,Star Wars: The Clone Wars,2008,,Series,8.4,23 min,
1142,Star Wars: Rebels,2014,,Series,8,22 min,
1143,Star Wars: The Bad Batch,2021,,Series,7.8,25 min,
1144,Star Wars: Tales of the Jedi,2022,,Series,8.2,15 min,
1145,Star Wars: Tales of the Empire,2024,,Series,6.9,15 min,
1146,Avatar: The Last Airbender,2005,,Series,9.3,23 min,
1147,The Legend of Korra,2012,,Series,8.3,23 min,
1148,The Dragon Prince,2018,,Series,8.3,26 min,
1149,Voltron: Legendary Defender,2016,,Series,8,23 min,
1150,She-Ra and the Princesses of Power,2018,,Series,7.8,24 min,
1151,Kipo and the Age of Wonderbeasts,2020,,Series,8.3,24 min,
1152,Hilda,2018,,Series,8.5,24 min,
1153,Gravity Falls,2012,,Series,8.9,23 min,
1154,The Owl House,2020,,Series,8.5,22 min,
1155,Amphibia,2019,,Series,8.2,22 min,
1156,Infinity Train,2019,,Series,8.4,11 min,
1157,Over the Garden Wall,2014,,Series,8.8,110 min,
1158,Steven Universe,2013,,Series,8.2,11 min,
1159,Adventure Time,2010,,Series,8.6,11 min,
1160,Regular Show,2010,,Series,8.5,11 min,
1161,The Amazing World of Gumball,2011,,Series,8.3,11 min,
1162,Rick and Morty,2013,,Series,9.1,23 min,
1163,Solar Opposites,2020,,Series,8,22 min,
1164,BoJack Horseman,2014,,Series,8.8,25 min,
1165,Tuca & Bertie,2019,,Series,7.4,26 min,
1166,Big Mouth,2017,,Series,7.8,27 min,
1167,Human Resources,2022,,Series,7.1,28 min,
1168,Disenchantment,2018,,Series,7.2,28 min,
1169,Futurama,1999,,Series,8.5,22 min,
1170,The Simpsons,1989,,Series,8.7,22 min,
1171,Family Guy,1999,,Series,8.1,22 min,
1172,American Dad!,2005,,Series,7.4,22 min,
1173,Bob's Burgers,2011,,Series,8.2,22 min,
1174,South Park,1997,,Series,8.7,22 min,
1175,King of the Hill,1997,,Series,7.5,22 min,
1176,Archer,2009,,Series,8.6,22 min,
1177,Primal,2019,,Series,8.7,22 min,
1178,Samurai Jack,2001,,Series,8.5,24 min,
1179,Dexter's Laboratory,1996,,Series,7.9,23 min,
1180,The Powerpuff Girls,1998,,Series,7.3,23 min,
1181,Johnny Bravo,1997,,Series,7.2,22 min,
1182,Courage the Cowardly Dog,1999,,Series,8.3,11 min,
1183,Ed Edd n Eddy,1999,,Series,7.5,23 min,
1184,Codename: Kids Next Door,2002,,Series,7.2,23 min,
1185,Foster's Home for Imaginary Friends,2004,,Series,7.6,23 min,
1186,Camp Lazlo,2005,,Series,6.3,23 min,
1187,Chowder,2007,,Series,7.4,23 min,
1188,The Marvelous Misadventures of Flapjack,2008,,Series,7.7,23 min,
1189,Ben 10,2005,,Series,7.5,23 min,
1190,Ben 10: Alien Force,2008,,Series,7.5,23 min,
1191,Ben 10: Ultimate Alien,2010,,Series,7.7,23 min,
1192,Ben 10: Omniverse,2012,,Series,6.3,22 min,
1193,Scooby-Doo! Mystery Incorporated,2010,,Series,8.1,23 min,
1194,What's New Scooby-Doo?,2002,,Series,7.3,22 min,
1195,SpongeBob SquarePants,1999,,Series,8.2,23 min,
1196,The Fairly OddParents,2001,,Series,7.2,23 min,
1197,Danny Phantom,2004,,Series,7.2,24 min,
1198,Invader Zim,2001,,Series,8.4,24 min,
1199,My Life as a Teenage Robot,2003,,Series,7.1,24 min,
1200,Kim Possible,2002,,Series,7.2,22 min,
1201,Phineas and Ferb,2007,,Series,8.1,23 min,
1202,Hey Arnold!,1996,,Series,7.6,24 min,
1203,Rugrats,1991,,Series,7.4,24 min,
1204,Rocko's Modern Life,1993,,Series,7.9,23 min,
1205,Ren & Stimpy,1991,,Series,7.5,23 min,
1206,Aaahh!!! Real Monsters,1994,,Series,7.2,23 min,
1207,CatDog,1998,,Series,6.5,23 min,
1208,Angry Beavers,1997,,Series,7.2,23 min,
1209,The Wild Thornberrys,1998,,Series,6.7,23 min,
1210,Rocket Power,1999,,Series,6.8,24 min,
1211,As Told by Ginger,2000,,Series,7,24 min,
1212,Jimmy Neutron: Boy Genius,2002,,Series,6.7,24 min,
1213,ChalkZone,2002,,Series,6.4,24 min,
1214,All That,1994,,Series,7.4,25 min,
1215,Kenan & Kel,1996,,Series,7.8,24 min,
1216,Drake & Josh,2004,,Series,7.8,24 min,
1217,Ned's Declassified School Survival Guide,2004,,Series,7.4,24 min,
1218,Zoey 101,2005,,Series,6.1,23 min,
1219,iCarly,2007,,Series,6.7,24 min,
1220,Victorious,2010,,Series,7,24 min,
1221,Big Time Rush,2009,,Series,6.3,24 min,
1222,Sam & Cat,2013,,Series,5.6,23 min,
1223,Henry Danger,2014,,Series,5.8,22 min,
1224,The Thundermans,2013,,Series,5.8,23 min,
1225,Game Shakers,2015,,Series,4.6,22 min,
1226,School of Rock,2016,,Series,4.5,22 min,
1227,Knight Squad,2018,,Series,5.3,22 min,
1228,Even Stevens,2000,,Series,7.6,22 min,
1229,Lizzie McGuire,2001,,Series,6.6,23 min,
1230,That's So Raven,2003,,Series,6.6,23 min,
1231,Phil of the Future,2004,,Series,7,22 min,
1232,The Suite Life of Zack & Cody,2005,,Series,6.6,23 min,
1233,Hannah Montana,2006,,Series,5.2,23 min,
1234,Wizards of Waverly Place,2007,,Series,6.9,23 min,
1235,Sonny with a Chance,2009,,Series,6.1,22 min,
1236,The Suite Life on Deck,2008,,Series,6.3,23 min,
1237,Good Luck Charlie,2010,,Series,7,22 min,
1238,Shake It Up,2010,,Series,4.8,23 min,
1239,A.N.T. Farm,2011,,Series,5.1,23 min,
1240,Jessie,2011,,Series,6,23 min,
1241,Austin & Ally,2011,,Series,6,24 min,
1242,Dog with a Blog,2012,,Series,4.8,22 min,
1243,Liv and Maddie,2013,,Series,6.3,23 min,
1244,Girl Meets World,2014,,Series,7.1,23 min,
1245,K.C. Undercover,2015,,Series,6.3,24 min,
1246,Bunk'd,2015,,Series,5.6,22 min,
1247,Stuck in the Middle,2016,,Series,6,23 min,
1248,Bizaardvark,2016,,Series,3.7,23 min,
1249,Andi Mack,2017,,Series,7.3,23 min,
1250,Raven's Home,2017,,Series,5.8,23 min,
1251,Malcolm in the Middle,2000,,Series,8.2,22 min,
1252,Everybody Hates Chris,2005,,Series,7.5,22 min,
1253,The Fresh Prince of Bel-Air,1990,,Series,7.9,23 min,
1254,Full House,1987,,Series,6.7,23 min,
1255,Family Matters,1989,,Series,6.6,23 min,
1256,Boy Meets World,1993,,Series,8.1,23 min,
1257,Sabrina the Teenage Witch,1996,,Series,6.7,22 min,
1258,Sister,1994,,Series,6.2,22 min,
1259,Moesha,1996,,Series,5.9,22 min,
1260,Saved by the Bell,1989,,Series,7.1,23 min,
1261,Buffy the Vampire Slayer,1997,,Series,8.3,44 min,
1262,Angel,1999,,Series,7.9,44 min,
1263,Charmed,1998,,Series,7.2,42 min,
1264,Smallville,2001,,Series,7.5,60 min,
1265,Supernatural,2005,,Series,8.4,44 min,
1266,The Vampire Diaries,2009,,Series,7.7,43 min,
1267,The Originals,2013,,Series,8.3,45 min,
1268,Legacies,2018,,Series,7.2,45 min,
1269,Teen Wolf,2011,,Series,7.7,41 min,
1270,Shadowhunters,2016,,Series,6.5,42 min,
1271,Riverdale,2017,,Series,6.5,45 min,
1272,The 100,2014,,Series,7.6,43 min,
1273,Arrow,2012,,Series,7.5,42 min,
1274,The Flash,2014,,Series,7.5,43 min,
1275,Legends of Tomorrow,2016,,Series,6.8,42 min,
